日期,开盘,收盘,最高,最低,成交量
2021-03-15,17.66,17.82,18.25,17.42,958748.7
2021-03-16,17.82,17.87,18.24,17.55,939684.32
2021-03-17,17.7,17.49,17.78,17.25,821488.65
2021-03-18,17.58,17.93,17.93,17.33,691610.19
2021-03-19,17.77,16.89,17.86,16.81,1525622.27
2021-03-22,16.96,17.78,17.78,16.94,1451190.08
2021-03-23,17.8,17.52,17.86,17.3,682903.38
2021-03-24,17.5,16.94,17.56,16.87,850085.07
2021-03-25,16.98,17.12,17.19,16.83,492665.74
2021-03-26,17.2,17.44,17.66,17.13,822108.06
2021-03-29,17.56,17.73,17.86,17.49,785666.68
2021-03-30,17.64,18.1,18.1,17.5,738654.81
2021-03-31,17.96,18.16,18.21,17.82,777028.07
2021-04-01,18.22,17.97,18.24,17.74,544448.98
2021-04-02,17.91,17.74,17.93,17.63,581083.52
2021-04-06,17.78,17.89,18.23,17.75,401102.82
2021-04-07,18.05,17.86,18.1,17.58,517604.59
2021-04-08,17.71,17.79,17.93,17.6,383029.5
2021-04-09,17.91,17.58,17.92,17.39,398960.28
2021-04-12,17.75,17.08,17.75,17.02,594743.14
2021-04-13,17.1,17.15,17.23,16.99,499904.18
2021-04-14,17.15,17.06,17.28,16.85,537438.49
2021-04-15,17.13,16.8,17.14,16.57,735865.05
2021-04-16,16.8,16.72,16.86,16.35,729998.26
2021-04-19,16.53,17.45,17.53,16.43,1112282.62
2021-04-20,17.39,17.9,18.11,17.26,834772.72
2021-04-21,18.4,18.99,19.14,18.39,1597099.65
2021-04-22,19.14,18.96,19.17,18.8,829693.88
2021-04-23,19.24,19.22,19.51,19.04,823230.15
2021-04-26,19.7,18.93,19.99,18.9,872417.67
2021-04-27,18.94,18.93,19.14,18.86,470431.4
2021-04-28,19.22,19.27,19.35,18.8,593837.93
2021-04-29,19.26,19.47,19.56,19.07,614836.88
2021-04-30,19.27,19.22,19.38,18.99,561981.32
2021-05-06,19.06,19.39,19.56,19.06,500295.22
2021-05-07,19.53,19.85,20.05,19.3,802214.21
2021-05-10,19.8,19.69,19.84,19.0,661438.9
2021-05-11,19.49,19.42,19.6,19.03,497223.45
2021-05-12,19.22,19.43,19.51,18.88,533265.26
2021-05-13,19.41,19.04,19.47,18.85,549652.5
2021-05-14,19.24,19.39,19.49,18.8,563785.36
2021-05-17,19.25,19.63,19.81,19.09,527564.65
2021-05-18,19.83,19.88,20.05,19.46,395414.98
2021-05-19,19.81,19.63,20.07,19.56,429420.33
2021-05-20,19.47,19.81,19.83,19.35,405788.37
2021-05-21,19.86,19.54,20.03,19.15,539335.74
2021-05-24,19.53,19.53,19.63,19.29,343935.63
2021-05-25,19.58,20.46,20.57,19.5,972374.62
2021-05-26,20.49,20.8,20.89,20.38,919263.78
2021-05-27,20.72,20.62,20.92,20.39,504091.36
2021-05-28,20.52,20.38,20.55,20.09,492400.73
2021-05-31,20.23,20.13,20.4,19.88,515350.81
2021-06-01,20.13,19.89,20.17,19.54,625017.96
2021-06-02,19.87,19.87,19.89,19.44,497527.02
2021-06-03,19.73,19.77,20.08,19.69,400900.85
2021-06-04,19.95,20.41,20.76,19.79,756739.42
2021-06-07,20.36,20.21,20.36,19.9,447914.1
2021-06-08,20.08,20.4,20.43,19.92,570077.92
2021-06-09,20.32,20.5,20.69,20.11,453831.5
2021-06-10,20.51,20.13,20.84,20.08,530215.16
2021-06-11,20.22,19.44,20.25,19.23,834665.04
2021-06-15,19.42,19.31,19.49,18.96,660622.59
2021-06-16,19.31,19.34,19.46,19.14,378208.04
2021-06-17,19.14,19.21,19.7,19.14,453282.09
2021-06-18,19.24,18.84,19.36,18.62,694099.3
2021-06-21,18.8,18.43,18.85,18.3,718272.74
2021-06-22,18.61,19.1,19.2,18.5,757751.41
2021-06-23,19.0,19.24,19.47,18.89,447907.78
2021-06-24,19.15,19.19,19.23,18.86,390283.49
2021-06-25,19.19,19.43,19.63,19.18,559972.95
2021-06-28,19.43,18.94,19.45,18.7,626257.37
2021-06-29,18.78,18.58,18.95,18.3,1049749.39
2021-06-30,18.6,18.81,19.07,18.59,403435.46
2021-07-01,18.97,19.29,19.54,18.73,664833.3
2021-07-02,18.89,18.14,18.91,18.1,1070677.56
2021-07-05,18.04,18.35,18.42,17.54,859341.29
2021-07-06,18.36,18.94,19.13,18.17,791957.26
2021-07-07,18.86,18.75,19.17,18.71,468944.87
2021-07-08,18.94,17.89,18.94,17.63,1457059.47
2021-07-09,17.71,17.69,17.99,17.48,762364.74
2021-07-12,17.88,17.6,17.88,17.37,877901.02
2021-07-13,17.59,17.56,17.75,17.08,657613.95
2021-07-14,17.46,17.26,17.46,16.97,847950.55
2021-07-15,17.23,17.98,18.06,17.16,956003.05
2021-07-16,17.81,17.75,18.15,17.71,573002.61
2021-07-19,17.76,17.64,17.82,17.28,522135.95
2021-07-20,17.55,17.13,17.63,17.02,804034.33
2021-07-21,17.12,17.01,17.3,16.8,753076.52
2021-07-22,17.01,16.95,17.18,16.83,868648.09
2021-07-23,16.95,16.72,16.95,16.63,727404.33
2021-07-26,16.6,15.63,16.62,15.33,1451303.94
2021-07-27,15.69,14.77,15.79,14.64,1357551.48
2021-07-28,14.84,14.76,15.03,14.7,1062994.21
2021-07-29,14.89,14.94,15.17,14.79,872378.12
2021-07-30,14.9,14.71,15.01,14.34,950155.88
2021-08-02,14.67,14.98,15.09,14.29,1159922.63
2021-08-03,14.96,14.88,15.09,14.69,896948.57
2021-08-04,15.0,14.81,15.03,14.64,729620.08
2021-08-05,14.72,14.7,15.01,14.62,621573.88
2021-08-06,14.6,14.85,14.89,14.51,567454.13
2021-08-09,14.89,15.85,16.01,14.84,1752798.0
2021-08-10,15.88,16.41,16.62,15.72,1301988.44
2021-08-11,16.62,16.47,17.12,16.38,1048308.44
2021-08-12,16.46,16.54,16.88,16.33,666458.0
2021-08-13,16.45,16.54,16.57,16.22,562885.02
2021-08-16,16.71,16.59,16.8,16.28,627050.22
2021-08-17,16.51,16.36,16.82,16.31,476021.94
2021-08-18,16.36,17.15,17.63,16.26,1332732.16
2021-08-19,17.03,16.92,17.15,16.65,649975.61
2021-08-20,16.61,16.15,16.69,15.55,1614627.93
2021-08-23,16.22,16.05,16.67,15.89,1191849.35
2021-08-24,16.09,16.1,16.61,15.98,868953.3
2021-08-25,16.15,15.93,16.19,15.76,698083.97
2021-08-26,15.97,15.35,16.02,15.31,951619.0
2021-08-27,15.44,15.29,15.7,15.23,728820.23
2021-08-30,15.14,14.74,15.21,14.6,1252211.01
2021-08-31,14.74,14.8,14.91,14.4,1174867.86
2021-09-01,14.54,14.87,14.9,14.15,2316894.09
2021-09-02,14.97,15.3,15.62,14.8,2422603.54
2021-09-03,15.39,15.0,15.39,14.72,1394818.71
2021-09-06,14.91,15.34,15.47,14.79,1515225.56
2021-09-07,15.47,16.0,16.27,15.26,1622344.16
2021-09-08,16.0,15.99,16.26,15.88,1026201.05
2021-09-09,15.89,15.8,15.93,15.63,739505.85
2021-09-10,15.71,17.11,17.27,15.67,2314945.28
2021-09-13,16.93,16.81,17.06,16.47,1297228.02
2021-09-14,16.78,16.11,16.86,16.03,1158173.15
2021-09-15,16.06,16.23,17.46,15.96,841618.41
2021-09-16,16.05,15.87,16.22,15.58,1176953.56
2021-09-17,15.72,15.41,15.8,15.31,1124879.63
2021-09-22,14.86,14.95,15.01,14.49,1473365.21
2021-09-23,15.05,14.7,15.24,14.68,1379837.59
2021-09-24,14.64,14.43,14.7,14.42,1265696.28
2021-09-27,14.31,14.61,14.7,14.19,1140667.59
2021-09-28,14.53,14.94,15.11,14.51,1293167.47
2021-09-29,14.85,15.09,15.34,14.73,1230121.75
2021-09-30,15.04,14.91,15.14,14.73,795611.05
2021-10-08,15.11,15.5,15.71,14.99,1159200.62
2021-10-11,15.8,16.13,16.42,15.8,1455338.35
2021-10-12,16.05,16.09,16.39,15.97,1031232.18
2021-10-13,16.05,16.28,16.56,15.94,807896.68
2021-10-14,16.29,15.98,16.57,15.71,842989.87
2021-10-15,15.8,16.35,16.55,15.8,993493.78
2021-10-18,16.18,16.04,16.26,15.88,729622.5
2021-10-19,15.93,16.28,16.37,15.93,682415.15
2021-10-20,16.42,16.0,16.45,15.96,662955.55
2021-10-21,16.23,16.63,16.68,16.01,1621661.01
2021-10-22,16.77,16.67,17.12,16.47,1134963.63
2021-10-25,16.39,16.73,16.8,16.22,730828.23
2021-10-26,16.68,16.67,17.01,16.52,652806.84
2021-10-27,16.63,16.57,16.77,16.29,687600.19
2021-10-28,16.47,16.4,16.58,16.11,619010.89
2021-10-29,16.33,16.22,16.42,16.07,539929.76
2021-11-01,16.08,16.13,16.41,15.81,841490.2
2021-11-02,16.11,15.12,16.21,14.96,1997690.5
2021-11-03,15.05,14.99,15.17,14.84,1114972.04
2021-11-04,15.04,14.86,15.05,14.8,983410.98
2021-11-05,14.84,14.67,14.97,14.61,1096039.88
2021-11-08,14.65,14.49,14.81,14.44,1376814.82
2021-11-09,14.54,14.58,14.68,14.35,1240572.75
2021-11-10,14.52,14.47,14.53,14.27,1220850.88
2021-11-11,14.43,15.26,15.33,14.4,2084729.0
2021-11-12,15.23,15.19,15.49,15.06,957546.46
2021-11-15,15.26,15.33,15.49,15.14,655089.99
2021-11-16,15.27,15.15,15.42,15.11,601110.48
2021-11-17,15.09,15.06,15.22,14.95,664640.38
2021-11-18,15.04,14.8,15.07,14.75,799843.77
2021-11-19,14.8,15.09,15.17,14.72,786371.56
2021-11-22,14.99,15.07,15.18,14.89,738617.8
2021-11-23,15.06,14.87,15.26,14.7,1235977.96
2021-11-24,14.78,14.86,14.93,14.69,741310.84
2021-11-25,14.75,14.7,14.79,14.66,603532.7
2021-11-26,14.65,14.62,14.7,14.57,694499.88
2021-11-29,14.48,14.56,14.61,14.44,512594.71
2021-11-30,14.59,14.5,14.7,14.43,733616.06
2021-12-01,14.5,14.67,14.78,14.45,706925.19
2021-12-02,14.65,14.63,14.81,14.45,994798.35
2021-12-03,14.67,14.68,14.72,14.48,707599.74
2021-12-06,14.84,15.05,15.44,14.8,2145625.28
2021-12-07,15.22,15.35,15.53,15.09,1616443.87
2021-12-08,15.34,15.36,15.43,15.1,980281.18
2021-12-09,15.38,15.55,15.85,15.28,1455886.68
2021-12-10,15.39,15.29,15.55,15.19,989255.13
2021-12-13,15.36,15.19,15.7,15.12,1314490.27
2021-12-14,15.1,14.62,15.11,14.57,1937208.9
2021-12-15,14.56,14.6,14.69,14.47,1294627.41
2021-12-16,14.6,14.74,14.75,14.52,819479.51
2021-12-17,14.72,14.61,14.76,14.61,602369.67
2021-12-20,14.6,14.57,14.68,14.51,746435.2
2021-12-21,14.55,14.63,14.73,14.54,893734.04
2021-12-22,14.65,14.46,14.67,14.39,976927.75
2021-12-23,14.47,14.4,14.5,14.31,1059575.94
2021-12-24,14.41,14.4,14.43,14.31,488251.49
2021-12-27,14.41,14.32,14.43,14.27,731118.99
2021-12-28,14.32,14.28,14.41,14.21,1126638.91
2021-12-29,14.27,13.93,14.27,13.89,1469373.98
2021-12-30,13.94,13.99,14.1,13.91,796663.6
2021-12-31,14.02,13.71,14.05,13.64,1750760.89
2022-01-04,13.71,13.86,13.86,13.46,1169259.33
2022-01-05,13.79,14.26,14.32,13.76,1961998.17
2022-01-06,14.23,14.24,14.36,14.14,1107885.19
2022-01-07,14.22,14.3,14.37,14.19,1126630.7
2022-01-10,14.38,14.3,14.49,14.16,909774.01
2022-01-11,14.35,14.48,14.59,14.25,1581999.4
2022-01-12,14.48,14.14,14.51,14.05,1502163.55
2022-01-13,14.06,14.12,14.34,13.99,909422.65
2022-01-14,14.14,13.58,14.15,13.56,2103094.91
2022-01-17,13.6,13.49,13.71,13.41,1143689.43
2022-01-18,13.51,13.74,13.76,13.44,1152974.31
2022-01-19,13.76,13.72,13.88,13.61,988391.85
2022-01-20,13.7,14.41,14.52,13.66,3031193.77
2022-01-21,14.51,14.43,14.6,14.31,1481682.95
2022-01-24,14.42,14.3,14.45,14.12,874770.87
2022-01-25,14.2,14.01,14.2,13.98,1093283.97
2022-01-26,14.1,13.85,14.22,13.76,984975.22
2022-01-27,13.72,13.56,13.76,13.51,1024643.11
2022-01-28,13.63,13.16,13.68,13.16,1675563.67
2022-02-07,13.32,13.63,13.65,13.21,1515476.3
2022-02-08,13.56,14.0,14.11,13.52,1754695.28
2022-02-09,14.07,14.02,14.14,13.9,1051161.66
2022-02-10,13.95,14.13,14.16,13.86,784557.35
2022-02-11,14.16,14.22,14.42,14.16,1078139.14
2022-02-14,14.22,13.79,14.26,13.73,1150658.51
2022-02-15,13.72,13.54,13.86,13.39,1208264.37
2022-02-16,13.6,13.65,13.75,13.48,782399.59
2022-02-17,13.63,13.66,13.76,13.57,794501.84
2022-02-18,13.57,13.95,13.95,13.56,802499.4
2022-02-21,13.86,13.73,13.86,13.57,800994.55
2022-02-22,13.56,13.5,13.67,13.44,894956.73
2022-02-23,13.56,13.46,13.56,13.34,886742.44
2022-02-24,13.41,13.23,13.43,13.14,1324086.85
2022-02-25,13.3,13.22,13.37,13.2,726397.07
2022-02-28,13.22,13.1,13.24,12.99,723990.45
2022-03-01,13.13,13.24,13.26,12.99,935040.34
2022-03-02,13.13,13.04,13.2,13.02,760760.86
2022-03-03,13.08,13.07,13.15,13.0,578285.05
2022-03-04,12.99,12.75,13.0,12.71,990935.66
2022-03-07,12.62,12.24,12.62,12.19,1113158.99
2022-03-08,12.16,11.9,12.36,11.85,1003032.69
2022-03-09,11.98,11.51,12.02,10.99,1800760.17
2022-03-10,11.79,12.12,12.27,11.72,2249158.16
2022-03-11,11.98,12.39,12.46,11.77,1493646.97
2022-03-14,12.17,12.05,12.42,12.02,1118407.34
2022-03-15,11.98,11.38,11.98,11.31,1781408.87
2022-03-16,11.53,11.9,11.98,11.24,1531779.06
2022-03-17,12.19,12.02,12.23,11.84,1730061.42
2022-03-18,11.94,12.23,12.35,11.76,1528807.13
2022-03-21,12.06,12.13,12.32,11.97,1208868.05
2022-03-22,12.13,12.62,12.66,12.06,1628656.58
2022-03-23,12.57,12.47,12.63,12.39,1050102.38
2022-03-24,12.41,12.64,12.73,12.32,1002359.95
2022-03-25,12.6,12.46,12.68,12.32,742933.35
2022-03-28,12.31,12.35,12.52,12.17,727136.99
2022-03-29,12.37,12.21,12.43,12.14,615643.15
2022-03-30,12.36,12.65,12.7,12.28,1236791.55
2022-03-31,12.56,12.79,12.95,12.52,1163746.74
2022-04-01,12.78,13.1,13.13,12.64,1484878.74
2022-04-06,13.01,13.63,13.76,13.0,2488540.05
2022-04-07,13.62,13.54,13.86,13.47,1659064.55
2022-04-08,13.52,13.64,13.68,13.41,1066779.46
2022-04-11,13.6,13.35,13.64,13.14,1416735.36
2022-04-12,13.35,13.24,13.52,13.02,1039261.42
2022-04-13,13.21,13.14,13.37,13.07,890628.06
2022-04-14,13.31,13.34,13.51,13.24,929614.94
2022-04-15,13.22,13.66,13.75,13.19,1231761.03
2022-04-18,13.43,13.22,13.47,13.15,1086887.56
2022-04-19,13.22,13.15,13.28,12.99,821772.49
2022-04-20,13.15,13.18,13.35,13.06,716555.28
2022-04-21,13.12,13.15,13.29,13.06,709891.16
2022-04-22,13.01,13.36,13.46,12.81,921274.08
2022-04-25,13.03,12.35,13.23,12.29,1664480.98
2022-04-26,12.37,12.25,12.46,12.02,988209.56
2022-04-27,12.46,13.02,13.02,12.44,1490295.03
2022-04-28,12.95,13.02,13.25,12.78,911771.87
2022-04-29,13.05,12.74,13.09,12.45,1645013.08
2022-05-05,12.64,12.74,12.85,12.6,790196.2
2022-05-06,12.49,12.44,12.64,12.4,832431.82
2022-05-09,12.42,12.1,12.42,12.03,818621.35
2022-05-10,12.06,12.13,12.14,11.73,992285.02
2022-05-11,12.09,12.17,12.34,12.01,848573.62
2022-05-12,12.04,11.96,12.11,11.92,685064.23
2022-05-13,12.06,12.15,12.19,12.05,676311.91
2022-05-16,12.19,11.98,12.25,11.93,668227.82
2022-05-17,12.07,12.23,12.24,11.91,931406.39
2022-05-18,12.35,12.27,12.38,12.2,778578.33
2022-05-19,12.1,12.16,12.23,12.06,590921.72
2022-05-20,12.23,12.49,12.51,12.2,948597.78
2022-05-23,12.53,12.33,12.53,12.28,647725.92
2022-05-24,12.37,11.98,12.37,11.98,933557.06
2022-05-25,12.0,11.97,12.05,11.89,603228.26
2022-05-26,11.98,11.8,12.0,11.7,1011317.56
2022-05-27,11.88,11.79,11.93,11.73,723066.74
2022-05-30,11.86,11.71,11.88,11.68,896901.23
2022-05-31,11.7,11.78,11.79,11.64,938868.55
2022-06-01,11.76,11.71,11.76,11.64,845298.98
2022-06-02,11.66,11.6,11.67,11.54,979268.22
2022-06-06,11.57,11.78,11.78,11.34,1710851.75
2022-06-07,11.66,11.78,11.85,11.63,1315112.62
2022-06-08,11.78,11.78,11.78,11.65,1145521.24
2022-06-09,11.76,11.93,12.03,11.73,1632901.34
2022-06-10,11.86,11.91,11.92,11.75,1346012.31
2022-06-13,11.79,11.57,11.8,11.54,1547752.85
2022-06-14,11.4,11.74,11.75,11.4,1151429.39
2022-06-15,11.73,12.26,12.57,11.69,3413543.71
2022-06-16,12.26,12.01,12.33,11.99,1332546.31
2022-06-17,11.91,12.02,12.08,11.81,1053787.94
2022-06-20,12.01,11.93,12.01,11.86,1032166.8
2022-06-21,11.93,11.95,12.17,11.83,1321793.98
2022-06-22,11.94,11.71,11.94,11.71,1056045.92
2022-06-23,11.72,11.81,11.83,11.69,806028.03
2022-06-24,11.81,11.83,11.85,11.73,866040.61
2022-06-27,11.84,12.05,12.11,11.83,1497278.18
2022-06-28,12.03,12.17,12.2,11.98,1125110.48
2022-06-29,12.18,12.18,12.39,12.1,1266547.28
2022-06-30,12.17,12.46,12.49,12.1,1548745.01
2022-07-01,12.47,12.41,12.53,12.34,779243.32
2022-07-04,12.43,12.42,12.46,12.27,834968.07
2022-07-05,12.47,12.4,12.7,12.32,1115172.1
2022-07-06,12.33,12.08,12.42,12.03,1043335.23
2022-07-07,12.09,11.99,12.18,11.96,730160.98
2022-07-08,12.06,12.09,12.18,11.95,639698.23
2022-07-11,12.06,12.03,12.12,11.94,611691.94
2022-07-12,11.98,11.99,12.25,11.96,742882.42
2022-07-13,11.99,11.62,12.03,11.55,2175996.06
2022-07-14,11.39,11.12,11.4,11.05,2632120.87
2022-07-15,11.21,11.01,11.28,10.99,1598637.4
2022-07-18,11.02,11.14,11.18,10.99,1153505.81
2022-07-19,11.09,11.16,11.17,11.04,755597.1
2022-07-20,11.17,11.14,11.2,11.1,801458.66
2022-07-21,11.08,10.82,11.09,10.8,1970387.89
2022-07-22,10.87,10.85,10.95,10.68,1376509.74
2022-07-25,10.84,10.85,10.88,10.73,763955.81
2022-07-26,10.79,10.93,10.93,10.76,1024048.81
2022-07-27,10.88,10.83,10.9,10.78,923914.08
2022-07-28,10.85,10.9,10.93,10.82,750346.52
2022-07-29,10.9,10.74,10.92,10.71,831497.47
2022-08-01,10.72,10.51,10.72,10.5,1025732.71
2022-08-02,10.35,10.38,10.45,10.11,1373009.3
2022-08-03,10.32,10.18,10.39,10.17,746136.53
2022-08-04,10.24,10.29,10.3,10.18,602675.62
2022-08-05,10.27,10.42,10.44,10.14,765297.87
2022-08-08,10.37,10.33,10.46,10.29,551999.69
2022-08-09,10.34,10.26,10.35,10.23,558447.57
2022-08-10,10.26,10.21,10.36,10.18,683023.21
2022-08-11,10.23,10.46,10.49,10.19,1399303.61
2022-08-12,10.38,10.48,10.51,10.33,820503.56
2022-08-15,10.4,10.25,10.46,10.24,1172010.0
2022-08-16,10.25,10.27,10.33,10.24,631223.7
2022-08-17,10.29,10.5,10.51,10.22,1348506.58
2022-08-18,10.57,10.37,10.62,10.29,1269700.94
2022-08-19,10.39,10.64,10.79,10.35,2106417.24
2022-08-22,10.65,10.58,10.74,10.51,1138076.58
2022-08-23,10.54,10.45,10.57,10.4,921463.07
2022-08-24,10.44,10.5,10.62,10.44,1295375.33
2022-08-25,10.5,10.68,10.72,10.41,1064010.61
2022-08-26,10.74,10.68,10.79,10.55,927634.26
2022-08-29,10.58,10.51,10.63,10.42,924490.65
2022-08-30,10.52,10.57,10.62,10.4,799712.38
2022-08-31,10.48,10.79,10.82,10.46,1653041.58
2022-09-01,10.71,10.68,10.83,10.65,861981.95
2022-09-02,10.68,10.59,10.74,10.52,786362.81
2022-09-05,10.55,10.64,10.67,10.47,632039.98
2022-09-06,10.65,10.58,10.72,10.52,731294.99
2022-09-07,10.51,10.44,10.51,10.4,979812.81
2022-09-08,10.43,10.46,10.53,10.41,621116.92
2022-09-09,10.5,10.77,10.79,10.46,1951297.31
2022-09-13,10.9,10.96,11.02,10.72,1722689.89
2022-09-14,10.79,10.78,10.9,10.75,858035.84
2022-09-15,10.84,11.01,11.09,10.81,1841017.88
2022-09-16,10.94,10.63,10.96,10.63,1357447.81
2022-09-19,10.62,10.64,10.73,10.57,632121.04
2022-09-20,10.68,10.45,10.69,10.43,889988.53
2022-09-21,10.42,10.52,10.57,10.33,684197.39
2022-09-22,10.44,10.4,10.46,10.37,586133.38
2022-09-23,10.36,10.4,10.52,10.35,586441.06
2022-09-26,10.29,10.16,10.4,10.15,903729.04
2022-09-27,10.16,10.29,10.29,10.0,789622.29
2022-09-28,10.24,10.25,10.37,10.09,780925.58
2022-09-29,10.37,10.04,10.4,10.01,917718.04
2022-09-30,10.05,10.02,10.13,10.02,537230.19
2022-10-10,9.91,9.71,9.96,9.7,966080.18
2022-10-11,9.77,9.72,9.8,9.66,415253.37
2022-10-12,9.69,9.82,9.84,9.61,559572.43
2022-10-13,9.74,9.6,9.77,9.58,852615.97
2022-10-14,9.69,9.76,9.85,9.65,1096061.58
2022-10-17,9.67,9.72,9.75,9.6,1024822.71
2022-10-18,9.78,9.72,9.85,9.7,946837.09
2022-10-19,9.67,9.56,9.73,9.55,923989.68
2022-10-20,9.51,9.48,9.58,9.45,781923.23
2022-10-21,9.49,9.39,9.52,9.37,785574.29
2022-10-24,9.39,8.99,9.4,8.98,1383390.65
2022-10-25,9.06,9.02,9.15,8.97,1316979.4
2022-10-26,9.01,9.02,9.08,8.98,1143829.88
2022-10-27,9.06,9.04,9.12,9.02,957383.46
2022-10-28,9.0,8.82,9.06,8.81,1057947.01
2022-10-31,8.75,8.75,8.85,8.65,983095.69
2022-11-01,8.79,9.03,9.04,8.77,1381234.13
2022-11-02,8.98,9.0,9.04,8.87,1302988.18
2022-11-03,8.92,8.84,8.95,8.79,983535.61
2022-11-04,8.8,9.16,9.19,8.8,1776112.23
2022-11-07,9.15,9.21,9.24,9.08,988082.04
2022-11-08,9.22,9.19,9.24,9.13,583222.05
2022-11-09,9.18,9.22,9.38,9.16,832106.85
2022-11-10,9.13,9.2,9.23,9.05,552021.19
2022-11-11,9.42,9.68,9.87,9.32,2545070.55
2022-11-14,9.91,10.12,10.4,9.91,3872084.1
2022-11-15,10.04,10.17,10.31,10.02,1573901.34
2022-11-16,10.13,10.01,10.2,9.98,1278692.88
2022-11-17,10.0,9.9,10.02,9.8,1091047.16
2022-11-18,9.94,9.81,9.97,9.8,868093.29
2022-11-21,9.72,9.7,9.74,9.5,1047737.07
2022-11-22,9.7,10.01,10.1,9.69,1491323.88
2022-11-23,9.97,10.01,10.2,9.92,1247656.53
2022-11-24,10.09,9.96,10.15,9.9,796718.82
2022-11-25,9.98,10.3,10.35,9.96,1760728.17
2022-11-28,10.07,10.0,10.09,9.9,1331562.95
2022-11-29,10.29,11.0,11.0,10.27,4749276.5
2022-11-30,10.92,11.03,11.29,10.85,3209628.3
2022-12-01,11.33,11.09,11.56,11.07,2002688.83
2022-12-02,11.12,10.92,11.13,10.74,1404202.78
2022-12-05,11.08,11.45,11.49,11.01,2287627.42
2022-12-06,11.29,11.37,11.56,11.22,1252578.91
2022-12-07,11.29,11.13,11.32,11.03,1377376.9
2022-12-08,11.13,11.31,11.45,11.11,1065722.8
2022-12-09,11.34,11.6,11.64,11.3,1615831.92
2022-12-12,11.5,11.1,11.5,11.06,1392584.28
2022-12-13,11.13,11.21,11.31,11.12,902285.13
2022-12-14,11.2,11.2,11.34,11.07,974061.1
2022-12-15,11.12,11.09,11.24,10.96,835349.26
2022-12-16,11.02,11.29,11.34,11.02,924251.67
2022-12-19,11.29,11.04,11.4,10.96,1030866.06
2022-12-20,10.98,10.8,11.07,10.73,896212.23
2022-12-21,10.88,10.91,11.0,10.79,614589.64
2022-12-22,11.01,10.96,11.13,10.92,672394.3
2022-12-23,10.88,10.99,11.06,10.84,564426.41
2022-12-26,11.0,10.81,11.04,10.76,797119.87
2022-12-27,10.9,11.1,11.19,10.9,886004.12
2022-12-28,11.14,11.12,11.33,11.01,791191.98
2022-12-29,11.07,11.03,11.12,10.88,666890.09
2022-12-30,11.04,11.14,11.24,10.97,818035.98
2023-01-03,11.18,11.66,11.73,11.05,2194127.94
2023-01-04,11.61,12.12,12.21,11.54,2189682.53
2023-01-05,12.19,12.26,12.48,12.17,1665425.18
2023-01-06,12.28,12.38,12.46,12.26,1195744.71
2023-01-09,12.49,12.53,12.6,12.29,1057659.11
2023-01-10,12.5,12.23,12.61,12.18,1269423.39
2023-01-11,12.23,12.42,12.51,12.18,830566.12
2023-01-12,12.5,12.42,12.5,12.3,625694.84
2023-01-13,12.42,12.66,12.66,12.32,949085.83
2023-01-16,12.66,12.77,12.94,12.57,1560039.89
2023-01-17,12.81,12.67,12.85,12.5,935834.54
2023-01-18,12.66,12.79,12.85,12.62,718434.03
2023-01-19,12.81,12.78,12.91,12.59,641875.2
2023-01-20,12.83,12.81,12.9,12.7,608590.08
2023-01-30,13.21,12.83,13.33,12.61,1374317.5
2023-01-31,12.9,12.69,13.13,12.67,1030497.84
2023-02-01,12.72,12.45,12.77,12.28,1653421.48
2023-02-02,12.48,12.36,12.51,12.08,1577900.39
2023-02-03,12.23,12.12,12.32,11.99,1246382.98
2023-02-06,11.94,11.85,11.96,11.73,1317610.1
2023-02-07,11.9,12.03,12.12,11.88,869460.46
2023-02-08,12.06,11.89,12.12,11.88,657892.57
2023-02-09,11.86,11.96,12.11,11.82,830350.02
2023-02-10,11.94,11.84,11.95,11.73,847283.66
2023-02-13,11.8,11.7,11.8,11.51,1800054.16
2023-02-14,11.73,11.82,11.84,11.68,909937.09
2023-02-15,11.81,11.57,11.82,11.53,1250243.98
2023-02-16,11.58,11.51,11.78,11.43,1279123.29
2023-02-17,11.54,11.37,11.62,11.37,918363.69
2023-02-20,11.43,11.98,11.98,11.42,2116191.17
2023-02-21,11.9,11.94,12.02,11.78,990494.99
2023-02-22,11.85,11.87,11.95,11.8,638922.39
2023-02-23,11.85,11.89,12.12,11.84,824490.68
2023-02-24,11.87,11.73,11.88,11.68,729989.04
2023-02-27,11.64,11.59,11.75,11.58,621461.93
2023-02-28,11.64,11.67,11.73,11.52,607935.92
2023-03-01,11.68,12.0,12.01,11.63,1223451.78
2023-03-02,11.96,12.06,12.23,11.9,1015876.84
2023-03-03,12.15,12.1,12.17,11.97,690954.39
2023-03-06,12.11,11.73,12.11,11.62,1455824.14
2023-03-07,11.73,11.59,11.94,11.56,1279266.29
2023-03-08,11.54,11.45,11.55,11.34,1096897.91
2023-03-09,11.46,11.18,11.5,11.12,1736064.76
2023-03-10,11.01,11.12,11.23,11.01,856996.1
2023-03-13,11.11,11.05,11.25,11.01,1000634.96
2023-03-14,11.0,10.9,11.01,10.78,1149075.58
2023-03-15,11.05,11.05,11.16,10.96,979363.72
2023-03-16,10.91,10.85,11.03,10.84,916792.49
2023-03-17,11.0,10.79,11.04,10.71,1556814.14
2023-03-20,10.8,10.64,10.88,10.62,1188816.33
2023-03-21,10.71,10.75,10.82,10.58,840743.17
2023-03-22,10.79,10.83,10.9,10.76,876690.77
2023-03-23,10.75,10.92,10.92,10.69,804306.04
2023-03-24,10.88,10.85,10.89,10.8,621518.75
2023-03-27,10.84,10.67,10.85,10.55,1008422.14
2023-03-28,10.72,10.7,10.78,10.62,673868.43
2023-03-29,10.78,10.61,10.79,10.58,596064.33
2023-03-30,10.62,10.74,10.76,10.51,824546.24
2023-03-31,10.74,10.61,10.81,10.59,865491.66
2023-04-03,10.62,10.73,10.74,10.55,740428.86
2023-04-04,10.7,10.71,10.77,10.66,647457.22
2023-04-06,10.67,10.65,10.68,10.58,563321.3
2023-04-07,10.64,10.68,10.74,10.58,607925.26
2023-04-10,10.7,10.74,10.75,10.65,640181.81
2023-04-11,10.75,10.62,10.77,10.6,777779.62
2023-04-12,10.65,10.57,10.66,10.54,909957.06
2023-04-13,10.51,10.63,10.73,10.41,1131591.46
2023-04-14,10.67,10.74,10.92,10.65,1297994.84
2023-04-17,10.72,10.95,10.96,10.67,1304212.59
2023-04-18,10.95,11.01,11.18,10.91,1538936.15
2023-04-19,11.02,10.88,11.07,10.86,1014378.15
2023-04-20,10.92,10.79,10.92,10.68,811788.41
2023-04-21,10.75,10.58,10.86,10.57,918668.39
2023-04-24,10.57,10.24,10.58,10.18,1467671.92
2023-04-25,10.28,10.4,10.47,10.26,1301900.82
2023-04-26,10.37,10.26,10.37,10.15,991260.4
2023-04-27,10.21,10.38,10.46,10.16,1004093.37
2023-04-28,10.38,10.62,10.82,10.35,1445254.34
2023-05-04,10.5,10.78,10.86,10.32,1478264.38
2023-05-05,10.82,10.93,11.1,10.79,1762188.65
2023-05-08,10.96,11.28,11.42,10.87,2630718.61
2023-05-09,11.34,11.14,11.51,11.12,2422534.45
2023-05-10,11.15,10.87,11.23,10.84,1237053.39
2023-05-11,10.96,10.88,11.11,10.84,903758.44
2023-05-12,10.85,10.68,10.9,10.68,885603.68
2023-05-15,10.74,10.86,10.88,10.54,928325.63
2023-05-16,10.84,10.68,10.94,10.64,998301.69
2023-05-17,10.65,10.57,10.7,10.53,754621.2
2023-05-18,10.64,10.57,10.7,10.52,687186.87
2023-05-19,10.52,10.45,10.53,10.43,688413.68
2023-05-22,10.42,10.48,10.54,10.42,549327.85
2023-05-23,10.48,10.34,10.51,10.34,694364.36
2023-05-24,10.33,10.17,10.34,10.17,824250.88
2023-05-25,10.15,10.1,10.16,10.0,882744.3
2023-05-26,10.1,10.24,10.27,10.02,511428.64
2023-05-29,10.25,10.14,10.27,10.12,566073.82
2023-05-30,10.14,10.05,10.15,9.99,763996.92
2023-05-31,10.01,9.82,10.02,9.8,1179586.71
2023-06-01,9.82,9.81,9.89,9.74,743022.93
2023-06-02,9.89,10.1,10.13,9.85,1221842.53
2023-06-05,10.06,10.08,10.16,10.01,521846.19
2023-06-06,10.08,10.02,10.24,10.01,833273.47
2023-06-07,10.07,10.11,10.22,10.06,643697.84
2023-06-08,10.13,10.26,10.33,10.04,869397.12
2023-06-09,10.21,10.06,10.24,10.03,1315284.76
2023-06-12,10.01,9.98,10.07,9.96,758747.03
2023-06-13,9.96,9.96,10.02,9.9,849988.05
2023-06-14,10.02,9.95,10.17,9.94,1069200.04
2023-06-15,9.96,10.07,10.09,9.88,925300.56
2023-06-16,10.07,10.09,10.12,10.03,842033.65
2023-06-19,10.09,9.93,10.09,9.9,953997.07
2023-06-20,9.92,9.85,9.94,9.84,544550.79
2023-06-21,9.85,9.84,9.96,9.83,616582.96
2023-06-26,9.8,9.7,9.8,9.67,676577.43
2023-06-27,9.71,9.78,9.82,9.69,461701.78
2023-06-28,9.78,9.8,9.83,9.73,365396.44
2023-06-29,9.79,9.7,9.79,9.69,485906.3
2023-06-30,9.7,9.74,9.81,9.67,519052.58
2023-07-03,9.75,9.96,10.0,9.74,885090.71
2023-07-04,9.94,9.89,9.96,9.82,616300.56
2023-07-05,9.85,9.83,9.89,9.8,423482.4
2023-07-06,9.8,9.75,9.83,9.72,597095.91
2023-07-07,9.71,9.71,9.77,9.7,484440.83
2023-07-10,9.76,9.71,9.78,9.69,495882.28
2023-07-11,9.73,9.72,9.77,9.7,570809.09
2023-07-12,9.74,9.75,9.85,9.73,736083.67
2023-07-13,9.82,9.91,9.95,9.77,1124229.73
2023-07-14,9.91,9.94,10.02,9.89,719146.99
2023-07-17,9.9,9.81,9.9,9.77,608342.58
2023-07-18,9.79,9.76,9.82,9.73,471966.18
2023-07-19,9.74,9.81,9.82,9.74,382195.96
2023-07-20,9.83,9.82,9.92,9.79,554069.57
2023-07-21,9.81,9.83,9.88,9.78,377102.56
2023-07-24,9.83,9.77,9.83,9.75,426852.18
2023-07-25,9.93,10.16,10.17,9.92,2032958.19
2023-07-26,10.1,10.12,10.18,10.03,751662.68
2023-07-27,10.13,10.19,10.29,10.1,1115195.86
2023-07-28,10.14,10.63,10.67,10.12,2347013.46
2023-07-31,10.67,10.68,10.84,10.61,1854952.39
2023-08-01,10.63,10.55,10.73,10.52,957734.78
2023-08-02,10.46,10.43,10.62,10.35,1115900.04
2023-08-03,10.4,10.69,10.73,10.36,1175847.71
2023-08-04,10.77,10.67,10.87,10.59,1303131.02
2023-08-07,10.59,10.55,10.62,10.51,646913.26
2023-08-08,10.51,10.49,10.59,10.41,725704.56
2023-08-09,10.46,10.55,10.58,10.45,577607.74
2023-08-10,10.54,10.55,10.59,10.46,475594.53
2023-08-11,10.55,10.31,10.64,10.31,943538.57
2023-08-14,10.2,10.12,10.22,10.05,975920.18
2023-08-15,10.14,10.17,10.23,10.06,712812.77
2023-08-16,10.12,10.17,10.28,10.07,572904.37
2023-08-17,10.12,10.03,10.15,9.94,965057.75
2023-08-18,10.04,10.03,10.18,10.0,659818.85
2023-08-21,10.03,9.82,10.04,9.82,701497.85
2023-08-22,9.87,9.86,9.93,9.81,606808.09
2023-08-23,9.84,9.76,9.9,9.75,691809.98
2023-08-24,9.79,9.65,9.82,9.58,1291270.7
2023-08-25,9.63,9.74,9.83,9.61,845349.92
2023-08-28,10.27,9.99,10.35,9.96,1997609.87
2023-08-29,9.95,9.81,9.96,9.65,1964961.43
2023-08-30,9.77,9.65,9.77,9.65,1375638.29
2023-08-31,9.66,9.65,9.73,9.64,806474.03
2023-09-01,9.7,9.82,9.85,9.7,1138704.83
2023-09-04,9.84,10.03,10.05,9.83,1410029.23
2023-09-05,9.97,9.88,9.98,9.85,804177.16
2023-09-06,9.83,9.91,9.94,9.8,634840.51
2023-09-07,9.89,9.83,9.92,9.82,540041.57
2023-09-08,9.78,9.77,9.82,9.74,479029.67
2023-09-11,9.8,9.83,9.89,9.77,654485.58
2023-09-12,9.84,9.78,9.84,9.76,495485.06
2023-09-13,9.79,9.76,9.82,9.72,490217.97
2023-09-14,9.78,9.79,9.83,9.76,551650.17
2023-09-15,9.84,9.73,9.89,9.71,890476.13
2023-09-18,9.73,9.74,9.75,9.66,501325.01
2023-09-19,9.73,9.72,9.74,9.68,503664.32
2023-09-20,9.71,9.67,9.73,9.67,558872.41
2023-09-21,9.66,9.58,9.66,9.57,843930.11
2023-09-22,9.57,9.75,9.76,9.57,911484.3
2023-09-25,9.75,9.73,9.82,9.7,761211.25
2023-09-26,9.73,9.68,9.77,9.66,444980.35
2023-09-27,9.67,9.69,9.73,9.67,490310.61
2023-09-28,9.7,9.71,9.75,9.7,520696.78
2023-10-09,9.68,9.64,9.69,9.59,695828.09
2023-10-10,9.7,9.56,9.71,9.56,820748.51
2023-10-11,9.62,9.52,9.62,9.5,724115.69
2023-10-12,9.64,9.64,9.68,9.57,853057.5
2023-10-13,9.57,9.54,9.6,9.5,684483.08
2023-10-16,9.54,9.55,9.57,9.5,501624.32
2023-10-17,9.55,9.56,9.58,9.5,493525.05
2023-10-18,9.53,9.5,9.56,9.46,651824.92
2023-10-19,9.46,9.19,9.47,9.18,1188960.83
2023-10-20,9.15,9.19,9.25,9.11,526139.12
2023-10-23,9.18,9.11,9.19,9.05,530404.48
2023-10-24,9.14,9.15,9.2,9.05,760652.69
2023-10-25,9.11,9.0,9.14,8.98,1411449.68
2023-10-26,8.94,9.03,9.04,8.93,599991.47
2023-10-27,9.0,9.06,9.09,8.96,919771.36
2023-10-30,9.02,9.06,9.08,8.98,805689.55
2023-10-31,9.05,9.07,9.1,9.03,652855.23
2023-11-01,9.15,9.09,9.16,9.06,567300.35
2023-11-02,9.11,9.09,9.19,9.08,619429.95
2023-11-03,9.1,9.09,9.12,9.05,705463.47
2023-11-06,9.11,9.27,9.27,9.11,1007062.21
2023-11-07,9.24,9.19,9.24,9.18,640866.12
2023-11-08,9.18,9.11,9.19,9.06,877818.75
2023-11-09,9.07,9.1,9.12,9.05,639136.48
2023-11-10,9.06,8.93,9.08,8.92,1045044.17
2023-11-13,8.94,8.89,8.96,8.86,770043.1
2023-11-14,8.88,8.91,8.96,8.87,596858.88
2023-11-15,8.99,8.99,9.06,8.97,1109140.15
2023-11-16,9.0,8.88,9.01,8.87,922621.94
2023-11-17,8.86,8.8,8.89,8.78,903362.17
2023-11-20,8.8,8.84,8.86,8.76,639528.31
2023-11-21,8.87,8.92,8.98,8.86,1041165.73
2023-11-22,8.9,8.81,8.94,8.79,737489.51
2023-11-23,8.8,8.8,8.81,8.73,846655.87
2023-11-24,8.77,8.76,8.79,8.74,684694.56
2023-11-27,8.75,8.68,8.75,8.65,836187.85
2023-11-28,8.66,8.63,8.69,8.63,786174.69
2023-11-29,8.63,8.43,8.65,8.41,1467596.62
2023-11-30,8.4,8.39,8.44,8.34,901764.57
2023-12-01,8.37,8.38,8.39,8.31,778056.99
2023-12-04,8.39,8.35,8.39,8.33,605437.85
2023-12-05,8.33,8.22,8.34,8.21,787378.48
2023-12-06,8.19,8.24,8.3,8.15,753055.92
2023-12-07,8.23,8.19,8.23,8.13,585380.19
2023-12-08,8.16,8.07,8.2,8.07,1021151.5
2023-12-11,8.0,8.11,8.13,7.92,1133662.81
2023-12-12,8.07,8.17,8.24,8.07,855016.42
2023-12-13,8.13,7.94,8.14,7.94,1061301.65
2023-12-14,7.99,7.94,8.05,7.94,742900.56
2023-12-15,7.98,7.99,8.11,7.97,988939.42
2023-12-18,7.96,7.92,8.01,7.88,654425.62
2023-12-19,7.91,7.89,7.95,7.87,644070.88
2023-12-20,7.9,7.83,7.94,7.83,715633.63
2023-12-21,7.81,7.95,7.97,7.8,1017046.76
2023-12-22,7.97,7.98,8.05,7.9,1005645.02
2023-12-25,7.96,7.97,7.98,7.93,413970.88
2023-12-26,7.97,7.89,7.98,7.87,541896.33
2023-12-27,7.89,7.91,7.92,7.82,641534.35
2023-12-28,7.9,8.2,8.21,7.87,1661591.84
2023-12-29,8.17,8.14,8.22,8.11,853852.79
2024-01-02,8.14,7.99,8.17,7.99,1158366.45
2024-01-03,7.97,7.98,8.0,7.94,733610.31
2024-01-04,7.97,7.9,7.97,7.87,864193.99
2024-01-05,7.89,8.04,8.19,7.87,1991622.16
2024-01-08,8.0,7.94,8.07,7.9,1121156.19
2024-01-09,7.94,7.96,7.97,7.88,766193.88
2024-01-10,7.94,7.88,7.97,7.88,858620.91
2024-01-11,7.87,7.95,8.0,7.83,934686.37
2024-01-12,7.92,7.97,8.04,7.9,772582.15
2024-01-15,7.94,7.99,8.06,7.92,745132.66
2024-01-16,7.97,8.1,8.11,7.94,1438312.58
2024-01-17,8.09,8.0,8.14,8.0,1482296.21
2024-01-18,7.99,7.98,8.01,7.81,1755132.47
2024-01-19,7.94,7.95,7.98,7.89,963981.42
2024-01-22,7.94,7.89,8.03,7.84,1580319.66
2024-01-23,7.85,7.94,7.96,7.77,1135544.58
2024-01-24,8.0,8.09,8.1,7.87,1759123.16
2024-01-25,8.09,8.24,8.27,8.04,2162513.95
2024-01-26,8.21,8.34,8.39,8.19,2272287.06
2024-01-29,8.4,8.41,8.57,8.31,2376251.84
2024-01-30,8.33,8.24,8.41,8.23,1579122.14
2024-01-31,8.2,8.2,8.29,8.13,1357217.47
2024-02-01,8.16,8.16,8.22,8.1,1055259.87
2024-02-02,8.17,8.04,8.21,7.87,1634214.31
2024-02-05,7.97,8.13,8.18,7.9,1803591.9
2024-02-06,8.07,8.39,8.39,8.06,1995409.54
2024-02-07,8.34,8.33,8.39,8.22,2062014.97
2024-02-08,8.31,8.39,8.39,8.26,1656813.84
2024-02-19,8.46,8.51,8.51,8.37,1605242.65
2024-02-20,8.49,8.52,8.53,8.44,1123563.98
2024-02-21,8.48,9.37,9.37,8.47,5055284.6
2024-02-22,9.24,9.45,9.46,9.21,4922325.12
2024-02-23,9.44,9.41,9.75,9.4,3567479.5
2024-02-26,9.35,9.13,9.44,9.11,2862608.88
2024-02-27,9.1,9.11,9.19,9.07,1981904.92
2024-02-28,9.11,9.1,9.28,9.02,3082692.65
2024-02-29,9.04,9.18,9.18,9.03,1845344.23
2024-03-01,9.18,9.1,9.19,9.05,1828102.9
2024-03-04,9.06,8.96,9.11,8.95,1655929.54
2024-03-05,8.93,9.05,9.08,8.9,1817319.07
2024-03-06,9.02,8.96,9.06,8.96,1345640.16
2024-03-07,8.96,9.0,9.23,8.96,2016165.89
2024-03-08,8.98,9.0,9.05,8.93,1113974.28
2024-03-11,9.0,9.08,9.08,8.97,1210672.98
2024-03-12,9.09,9.16,9.18,9.03,1641262.37
2024-03-13,9.13,8.96,9.15,8.93,1768039.11
2024-03-14,8.93,8.87,9.0,8.85,1409399.73
2024-03-15,9.15,9.19,9.32,9.11,3750207.89
2024-03-18,9.16,9.14,9.2,9.1,1671396.51
2024-03-19,9.13,9.02,9.14,9.01,1293215.58
2024-03-20,9.0,9.06,9.08,8.99,872663.16
2024-03-21,9.06,9.08,9.12,9.04,864466.25
2024-03-22,9.06,8.98,9.06,8.94,1028141.74
2024-03-25,8.98,9.02,9.1,8.95,953202.21
2024-03-26,9.06,9.19,9.24,9.04,1740021.46
2024-03-27,9.16,9.13,9.22,9.11,1274135.99
2024-03-28,9.11,9.1,9.17,9.0,1302188.92
2024-03-29,9.06,9.12,9.17,9.05,872758.98
2024-04-01,9.12,9.23,9.24,9.11,1191087.96
2024-04-02,9.22,9.15,9.26,9.13,1085458.26
2024-04-03,9.13,9.07,9.15,9.04,981845.85
2024-04-08,9.04,9.05,9.1,8.99,906360.52
2024-04-09,9.05,9.02,9.08,8.98,857156.73
2024-04-10,9.0,8.92,9.03,8.91,1246390.82
2024-04-11,8.88,8.89,8.92,8.78,1010213.4
2024-04-12,8.86,8.72,8.91,8.71,1305453.71
2024-04-15,8.73,8.92,8.95,8.72,1453202.6
2024-04-16,8.92,8.92,9.01,8.86,1478036.43
2024-04-17,8.9,9.21,9.22,8.85,2232640.57
2024-04-18,9.18,9.37,9.57,9.16,3165914.26
2024-04-19,9.29,9.27,9.38,9.24,1457675.02
2024-04-22,9.23,9.11,9.37,9.06,2009818.37
2024-04-23,9.11,9.14,9.24,9.07,1240027.0
2024-04-24,9.12,9.13,9.17,9.07,941567.74
2024-04-25,9.11,9.2,9.21,9.09,1113812.24
2024-04-26,9.18,9.19,9.25,9.09,1607627.51
2024-04-29,9.16,9.37,9.45,9.12,2169177.37
2024-04-30,9.37,9.36,9.44,9.31,1324556.53
2024-05-06,9.5,9.44,9.64,9.4,1784100.57
2024-05-07,9.43,9.44,9.44,9.33,1087056.65
2024-05-08,9.4,9.31,9.44,9.29,1221791.27
2024-05-09,9.29,9.33,9.38,9.29,1069460.63
2024-05-10,9.34,9.49,9.5,9.33,1767835.61
2024-05-13,9.45,9.51,9.55,9.37,1402498.6
2024-05-14,9.54,9.46,9.59,9.44,1075783.91
2024-05-15,9.45,9.39,9.47,9.37,868296.6
2024-05-16,9.41,9.69,9.72,9.39,3076291.65
2024-05-17,9.7,9.9,9.9,9.65,2841748.85
2024-05-20,9.91,9.87,10.0,9.81,2170210.3
2024-05-21,9.82,10.02,10.08,9.81,2030049.41
2024-05-22,10.03,10.03,10.18,9.94,2115531.38
2024-05-23,10.0,9.89,10.05,9.86,1841622.9
2024-05-24,9.86,9.81,9.96,9.8,1398275.84
2024-05-27,9.81,9.98,10.0,9.81,1454361.43
2024-05-28,9.97,9.89,10.04,9.85,1204322.85
2024-05-29,9.87,9.77,9.93,9.74,1444811.11
2024-05-30,9.75,9.64,9.83,9.59,1325496.35
2024-05-31,9.66,9.64,9.7,9.64,826706.76
2024-06-03,9.64,9.52,9.65,9.46,1326696.75
2024-06-04,9.5,9.56,9.58,9.46,981004.95
2024-06-05,9.57,9.43,9.6,9.43,1018967.75
2024-06-06,9.45,9.45,9.52,9.44,1049331.53
2024-06-07,9.47,9.53,9.55,9.44,1170126.04
2024-06-11,9.52,9.43,9.56,9.36,1337628.54
2024-06-12,9.41,9.44,9.46,9.35,957426.35
2024-06-13,9.44,9.37,9.48,9.37,1203507.79
2024-06-14,9.43,9.46,9.51,9.28,1637990.47
2024-06-17,9.41,9.38,9.44,9.37,681217.02
2024-06-18,9.39,9.37,9.44,9.33,700653.08
2024-06-19,9.38,9.43,9.49,9.37,796184.18
2024-06-20,9.44,9.34,9.45,9.34,629627.57
2024-06-21,9.34,9.29,9.38,9.25,830545.28
2024-06-24,9.26,9.27,9.36,9.18,947081.54
2024-06-25,9.28,9.37,9.41,9.27,769992.81
2024-06-26,9.35,9.37,9.41,9.31,628598.71
2024-06-27,9.35,9.41,9.49,9.29,928881.97
2024-06-28,9.38,9.43,9.53,9.38,918089.92
2024-07-01,9.38,9.62,9.62,9.33,1343051.49
2024-07-02,9.57,9.66,9.74,9.55,1384385.7
2024-07-03,9.66,9.58,9.69,9.56,713067.46
2024-07-04,9.57,9.53,9.64,9.52,735044.24
2024-07-05,9.53,9.26,9.56,9.22,1713353.86
2024-07-08,9.24,9.23,9.31,9.15,868659.62
2024-07-09,9.24,9.36,9.38,9.21,1032485.3
2024-07-10,9.36,9.42,9.48,9.34,873865.11
2024-07-11,9.49,9.41,9.51,9.36,721392.25
2024-07-12,9.4,9.58,9.58,9.4,1214163.69
2024-07-15,9.58,9.6,9.62,9.53,869412.47
2024-07-16,9.6,9.57,9.64,9.51,943008.11
2024-07-17,9.57,9.66,9.68,9.55,1220168.35
2024-07-18,9.64,9.67,9.69,9.57,1087061.02
2024-07-19,9.64,9.64,9.68,9.56,898723.24
2024-07-22,9.63,9.51,9.64,9.47,994480.87
2024-07-23,9.52,9.46,9.6,9.44,1020153.63
2024-07-24,9.46,9.41,9.51,9.4,724517.57
2024-07-25,9.4,9.38,9.43,9.29,856404.43
2024-07-26,9.38,9.32,9.4,9.26,929551.95
2024-07-29,9.31,9.39,9.42,9.26,781552.43
2024-07-30,9.38,9.37,9.41,9.32,613267.95
2024-07-31,9.37,9.54,9.55,9.36,1096906.34
2024-08-01,9.52,9.54,9.59,9.45,733883.77
2024-08-02,9.5,9.42,9.52,9.41,590228.76
2024-08-05,9.39,9.34,9.5,9.34,758978.52
2024-08-06,9.36,9.23,9.4,9.19,1265536.91
2024-08-07,9.25,9.23,9.27,9.21,517608.42
2024-08-08,9.22,9.24,9.27,9.2,500410.67
2024-08-09,9.25,9.33,9.38,9.24,730273.96
2024-08-12,9.31,9.3,9.34,9.27,353013.46
2024-08-13,9.31,9.25,9.32,9.22,622077.2
2024-08-14,9.24,9.22,9.27,9.21,436380.38
2024-08-15,9.22,9.32,9.35,9.17,776247.47
2024-08-16,9.37,9.41,9.49,9.34,1260367.61
2024-08-19,9.41,9.56,9.57,9.4,1482985.26
2024-08-20,9.59,9.61,9.69,9.55,1569186.65
2024-08-21,9.57,9.62,9.64,9.49,1034887.81
2024-08-22,9.61,9.64,9.71,9.59,1109030.39
2024-08-23,9.65,9.73,9.76,9.59,1071905.71
2024-08-26,9.76,9.75,9.8,9.68,740675.24
2024-08-27,9.73,9.69,9.78,9.64,723136.58
2024-08-28,9.67,9.6,9.69,9.55,942547.54
2024-08-29,9.58,9.41,9.64,9.39,1197676.31
2024-08-30,9.39,9.44,9.53,9.39,1294059.08
2024-09-02,9.4,9.39,9.49,9.38,968835.5
2024-09-03,9.39,9.37,9.41,9.29,916581.22
2024-09-04,9.34,9.31,9.43,9.29,847992.33
2024-09-05,9.32,9.36,9.37,9.27,594208.76
2024-09-06,9.35,9.37,9.49,9.34,878865.43
2024-09-09,9.34,9.15,9.36,9.14,1639174.51
2024-09-10,9.16,9.2,9.22,9.09,767901.14
2024-09-11,9.18,8.97,9.18,8.95,1108727.04
2024-09-12,8.97,9.05,9.08,8.93,581834.05
2024-09-13,9.04,9.01,9.12,9.01,566461.9
2024-09-18,9.03,9.08,9.09,8.98,443610.99
2024-09-19,9.1,9.12,9.14,8.99,684293.11
2024-09-20,9.12,9.2,9.2,9.09,797297.14
2024-09-23,9.19,9.33,9.38,9.17,896907.55
2024-09-24,9.39,9.64,9.64,9.37,1638213.19
2024-09-25,9.78,9.76,9.94,9.71,2160693.98
2024-09-26,9.76,10.36,10.36,9.76,3086457.2
2024-09-27,10.55,10.61,10.74,10.25,3840016.37
2024-09-30,10.8,11.35,11.43,10.74,5430283.64
2024-10-08,12.48,11.97,12.48,11.47,5888977.78
2024-10-09,11.74,10.85,11.74,10.83,4269345.06
2024-10-10,11.03,11.38,11.64,11.01,3426421.68
2024-10-11,11.39,11.13,11.56,11.0,2070890.57
2024-10-14,11.38,11.41,11.56,11.19,2400595.09
2024-10-15,11.34,11.3,11.61,11.28,2072840.77
2024-10-16,11.2,11.45,11.56,11.18,1914493.53
2024-10-17,11.46,11.35,11.61,11.33,1653708.09
2024-10-18,11.31,11.43,11.56,11.09,2604654.16
2024-10-21,11.34,11.21,11.34,11.04,2806654.67
2024-10-22,11.17,11.19,11.33,11.13,1617787.13
2024-10-23,11.22,11.26,11.29,11.16,1511866.04
2024-10-24,11.21,11.16,11.26,11.13,885299.42
2024-10-25,11.18,11.12,11.19,11.1,1105754.68
2024-10-28,11.09,11.05,11.09,10.95,1169486.98
2024-10-29,11.03,10.96,11.15,10.95,1198024.82
2024-10-30,10.92,10.75,11.0,10.7,1482402.79
2024-10-31,10.76,10.81,10.86,10.67,1250205.39
2024-11-01,10.81,10.85,10.97,10.77,1589811.11
2024-11-04,10.85,10.88,10.88,10.69,1131516.11
2024-11-05,10.84,11.06,11.07,10.81,1665418.4
2024-11-06,11.03,10.97,11.05,10.89,1462286.36
2024-11-07,10.92,11.31,11.33,10.9,2242843.79
2024-11-08,11.34,11.13,11.4,11.11,1895104.15
2024-11-11,11.04,11.01,11.09,10.89,1486951.64
2024-11-12,11.0,10.96,11.24,10.93,1717662.55
2024-11-13,10.92,11.02,11.11,10.9,1086263.28
2024-11-14,11.0,10.96,11.11,10.95,1159783.11
2024-11-15,10.92,10.86,11.02,10.84,1215783.51
2024-11-18,11.04,11.16,11.43,11.03,3797324.45
2024-11-19,11.16,11.09,11.36,10.97,2430036.65
2024-11-20,11.08,11.05,11.16,11.02,1286572.48
2024-11-21,11.03,11.0,11.06,10.98,883408.06
2024-11-22,11.0,10.71,11.02,10.71,1625317.44
2024-11-25,10.71,10.62,10.77,10.58,1166020.32
2024-11-26,10.62,10.7,10.74,10.58,831078.2
2024-11-27,10.67,10.81,10.81,10.59,895178.05
2024-11-28,10.81,10.77,10.84,10.75,733168.54
2024-11-29,10.8,10.81,10.88,10.77,1028487.58
2024-12-02,10.81,10.81,10.82,10.74,975433.66
2024-12-03,10.8,10.91,10.92,10.78,1082559.36
2024-12-04,10.86,10.88,10.95,10.8,1007470.59
2024-12-05,10.86,10.86,10.92,10.83,687108.83
2024-12-06,10.86,11.07,11.11,10.85,1726269.27
2024-12-09,11.04,11.08,11.13,11.0,964063.16
2024-12-10,11.3,11.19,11.35,11.16,2167807.24
2024-12-11,11.19,11.14,11.23,11.13,967691.45
2024-12-12,11.14,11.25,11.27,11.12,986234.59
2024-12-13,11.19,10.98,11.2,10.98,1343792.89
2024-12-16,10.98,10.99,11.07,10.95,805717.78
2024-12-17,10.99,10.95,11.06,10.94,802119.95
2024-12-18,11.0,11.06,11.15,10.99,1016589.66
2024-12-19,11.0,11.0,11.05,10.96,697379.04
2024-12-20,11.0,11.03,11.11,11.0,714646.27
2024-12-23,11.05,11.14,11.24,11.05,1659404.76
2024-12-24,11.13,11.26,11.27,11.13,1350836.91
2024-12-25,11.26,11.32,11.41,11.24,1475282.94
2024-12-26,11.32,11.26,11.33,11.19,1000074.7
2024-12-27,11.27,11.23,11.3,11.07,1290012.28
2024-12-30,11.19,11.35,11.37,11.19,1351846.36
2024-12-31,11.33,11.11,11.38,11.11,1475367.33
2025-01-02,11.14,10.85,11.18,10.81,1819596.99
2025-01-03,10.86,10.81,10.96,10.79,1154680.44
2025-01-06,10.81,10.86,10.9,10.65,1085536.3
2025-01-07,10.84,10.93,10.95,10.8,747862.88
2025-01-08,10.92,10.92,11.04,10.82,1062386.01
2025-01-09,10.92,10.82,10.92,10.78,751483.3
2025-01-10,10.82,10.73,10.88,10.71,798133.51
2025-01-13,10.68,10.63,10.69,10.52,934966.18
2025-01-14,10.63,10.81,10.82,10.62,824628.95
2025-01-15,10.81,10.9,11.0,10.79,1031630.82
2025-01-16,10.97,10.99,11.0,10.89,872963.99
2025-01-17,10.95,10.87,10.97,10.84,689764.86
2025-01-20,10.92,10.84,10.94,10.82,832029.13
2025-01-21,10.87,10.76,10.87,10.75,902068.94
2025-01-22,10.75,10.53,10.76,10.52,1347129.22
2025-01-23,10.61,10.75,10.82,10.61,1514920.27
2025-01-24,10.75,10.77,10.81,10.65,944944.21
2025-01-27,10.81,10.89,10.97,10.81,1151934.71
2025-02-05,10.92,10.8,10.94,10.76,843433.7
2025-02-06,10.78,10.79,10.87,10.73,955603.25
2025-02-07,10.79,10.81,10.87,10.74,1407492.62
2025-02-10,10.81,10.85,10.92,10.79,1026590.93
2025-02-11,10.82,10.84,10.89,10.8,844520.03
2025-02-12,10.83,10.84,10.85,10.77,988806.83
2025-02-13,10.84,10.92,10.97,10.82,1358639.27
2025-02-14,10.91,10.97,10.97,10.85,973057.74
2025-02-17,11.01,11.19,11.2,10.97,2061965.42
2025-02-18,11.17,11.21,11.36,11.17,1996610.49
2025-02-19,11.2,11.12,11.21,11.09,1177748.95
2025-02-20,11.12,11.07,11.17,11.06,784396.27
2025-02-21,11.1,11.05,11.12,10.97,973968.97
2025-02-24,11.04,11.0,11.1,10.98,949956.17
2025-02-25,10.98,10.89,11.0,10.88,917156.02
2025-02-26,10.89,10.94,11.01,10.89,841645.52
2025-02-27,10.95,11.03,11.04,10.88,977309.75
2025-02-28,11.0,10.95,11.09,10.92,949088.06
2025-03-03,10.94,10.93,10.98,10.87,830456.95
2025-03-04,10.89,10.93,10.97,10.86,683178.73
2025-03-05,10.94,11.07,11.08,10.9,1080645.44
2025-03-06,11.1,11.04,11.11,11.01,877407.71
2025-03-07,11.04,11.08,11.1,11.01,835536.69
2025-03-10,11.07,11.0,11.08,10.97,663833.93
2025-03-11,10.96,11.02,11.02,10.94,608975.27
2025-03-12,11.01,11.25,11.27,10.98,1877318.4
2025-03-13,11.21,11.24,11.31,11.19,1312371.21
2025-03-14,11.22,11.37,11.39,11.22,1722417.65
2025-03-17,11.04,10.92,11.08,10.88,4603612.1
2025-03-18,10.94,10.91,10.96,10.9,1605290.0
2025-03-19,10.9,10.94,10.95,10.88,1362454.91
2025-03-20,10.93,10.91,11.02,10.91,1101157.24
2025-03-21,10.91,10.84,10.94,10.81,1376388.97
2025-03-24,10.83,10.81,10.86,10.77,1164577.34
2025-03-25,10.81,10.85,10.85,10.79,735608.88
2025-03-26,10.84,10.81,10.85,10.8,740863.07
2025-03-27,10.8,10.81,10.83,10.78,553349.4
2025-03-28,10.81,10.78,10.82,10.77,644945.55
2025-03-31,10.79,10.69,10.81,10.69,1116125.64
2025-04-01,10.7,10.7,10.73,10.65,681470.42
2025-04-02,10.68,10.8,10.83,10.68,932641.76
2025-04-03,10.74,10.77,10.81,10.73,643913.91
2025-04-07,10.44,10.16,10.49,9.95,2545560.48
2025-04-08,10.14,10.27,10.3,10.12,1463987.71
2025-04-09,10.19,10.25,10.28,10.12,1064394.05
2025-04-10,10.31,10.35,10.38,10.27,866548.05
2025-04-11,10.32,10.34,10.35,10.28,583879.02
2025-04-14,10.4,10.38,10.48,10.37,785993.45
2025-04-15,10.37,10.4,10.42,10.35,722754.1
2025-04-16,10.38,10.44,10.45,10.36,842822.17
2025-04-17,10.4,10.5,10.52,10.38,823919.31
2025-04-18,10.48,10.62,10.62,10.47,727098.15
2025-04-21,10.44,10.46,10.57,10.42,1114184.18
2025-04-22,10.46,10.48,10.5,10.43,831128.87
2025-04-23,10.48,10.45,10.49,10.42,586382.93
2025-04-24,10.44,10.47,10.5,10.44,689256.13
2025-04-25,10.48,10.45,10.49,10.44,637546.86
2025-04-28,10.44,10.44,10.48,10.41,642018.37
2025-04-29,10.44,10.43,10.46,10.4,649044.94
2025-04-30,10.41,10.36,10.42,10.34,869834.92
2025-05-06,10.37,10.41,10.44,10.34,854671.27
2025-05-07,10.45,10.47,10.48,10.42,1126270.01
2025-05-08,10.44,10.52,10.52,10.44,1056613.66
2025-05-09,10.51,10.59,10.61,10.5,999897.47
2025-05-12,10.6,10.6,10.65,10.57,895604.6
2025-05-13,10.62,10.72,10.76,10.59,1261030.62
2025-05-14,10.72,10.85,10.89,10.68,1683513.58
2025-05-15,10.85,10.81,10.92,10.81,1035460.26
2025-05-16,10.8,10.81,10.85,10.74,914744.45
2025-05-19,10.82,10.8,10.89,10.79,831390.6
2025-05-20,10.82,10.81,10.89,10.8,643634.8
2025-05-21,10.82,10.9,11.0,10.81,1328278.1
2025-05-22,10.87,10.97,10.98,10.86,1002968.06
2025-05-23,10.97,10.88,11.01,10.85,962643.11
2025-05-26,10.86,10.84,10.92,10.82,699158.58
2025-05-27,10.87,10.91,10.96,10.84,801915.14
2025-05-28,10.92,10.95,10.97,10.86,658179.47
2025-05-29,10.94,10.88,10.97,10.87,919806.76
2025-05-30,10.89,10.98,11.0,10.86,1130849.31
2025-06-03,10.96,11.21,11.31,10.95,2192479.66
2025-06-04,11.22,11.24,11.28,11.19,1167959.5
2025-06-05,11.28,11.08,11.31,11.07,1166803.49
2025-06-06,11.11,11.11,11.19,11.09,682352.51
2025-06-09,11.14,11.12,11.16,11.06,773254.68
2025-06-10,11.13,11.21,11.29,11.12,1428131.8
2025-06-11,11.22,11.25,11.33,11.19,1094666.64
2025-06-12,11.32,11.44,11.46,11.28,1290220.47
2025-06-13,11.44,11.34,11.5,11.32,1095494.19
2025-06-16,11.33,11.55,11.55,11.29,1174438.27
2025-06-17,11.55,11.52,11.63,11.47,890027.34
2025-06-18,11.54,11.53,11.57,11.42,683521.11
2025-06-19,11.52,11.46,11.54,11.41,832247.16
2025-06-20,11.46,11.59,11.61,11.43,1309197.82
2025-06-23,11.57,11.68,11.72,11.43,1389170.48
2025-06-24,11.65,11.68,11.76,11.59,1308525.31
2025-06-25,11.68,11.81,11.83,11.58,1675116.47
2025-06-26,11.8,12.15,12.22,11.76,2174577.66
2025-06-27,12.11,11.95,12.32,11.88,2377600.15
2025-06-30,11.89,11.82,11.92,11.71,1504819.65
2025-07-01,11.81,12.04,12.07,11.81,1354341.08
2025-07-02,12.05,12.06,12.15,11.98,1200411.84
2025-07-03,12.07,12.09,12.16,12.03,794085.97
2025-07-04,12.09,12.34,12.46,12.04,1775332.67
2025-07-07,12.34,12.51,12.55,12.34,1495406.53
2025-07-08,12.49,12.43,12.57,12.39,1090985.97
2025-07-09,12.4,12.57,12.63,12.4,1205963.3
2025-07-10,12.55,12.91,13.05,12.52,2481415.53
2025-07-11,12.92,12.64,13.02,12.62,2443743.5
2025-07-14,12.6,12.71,12.9,12.59,1872895.85
2025-07-15,12.72,12.47,12.77,12.45,1810531.31
2025-07-16,12.47,12.38,12.5,12.24,1927863.79
2025-07-17,12.35,12.33,12.44,12.28,944641.4
2025-07-18,12.36,12.44,12.49,12.34,1241206.11
2025-07-21,12.38,12.35,12.45,12.29,1079026.62
2025-07-22,12.34,12.23,12.34,12.06,1935229.16
2025-07-23,12.2,12.27,12.37,12.19,1370520.0
2025-07-24,12.27,12.09,12.27,12.07,1959350.57
2025-07-25,12.07,12.09,12.2,12.06,1108266.66
2025-07-28,12.09,12.2,12.27,12.06,1238242.78
2025-07-29,12.2,12.08,12.25,12.08,1012818.01
2025-07-30,12.09,12.23,12.38,12.08,1715163.6
2025-07-31,12.25,11.98,12.29,11.97,1690081.25
2025-08-01,11.99,12.03,12.07,11.9,1012186.98
2025-08-04,11.99,12.04,12.12,11.96,1032689.69
2025-08-05,12.04,12.21,12.24,12.03,1132078.2
2025-08-06,12.21,12.2,12.26,12.14,690447.65
2025-08-07,12.18,12.21,12.27,12.13,722053.05
2025-08-08,12.22,12.14,12.27,12.13,829795.91
2025-08-11,12.14,12.04,12.16,12.02,934353.15
2025-08-12,12.04,12.07,12.14,12.04,680056.19
2025-08-13,12.11,12.01,12.14,11.98,1119813.05
2025-08-14,12.02,11.95,12.08,11.94,1241041.29
2025-08-15,11.98,11.83,11.98,11.69,1948502.95
2025-08-18,11.81,11.83,11.9,11.78,1239058.37
2025-08-19,11.85,11.81,11.87,11.77,892859.89
2025-08-20,11.81,11.82,11.87,11.73,1048738.53
2025-08-21,11.8,11.9,11.94,11.78,1217418.25
2025-08-22,11.9,11.81,11.92,11.73,1644259.77
2025-08-25,11.87,12.19,12.27,11.85,3045087.53
2025-08-26,12.19,12.1,12.24,12.04,1383598.61
2025-08-27,12.06,11.81,12.1,11.8,1860049.5
2025-08-28,11.84,11.83,11.89,11.72,1653587.93
2025-08-29,11.8,11.8,11.97,11.78,1805125.68
2025-09-01,11.8,11.64,11.8,11.6,1858459.02
2025-09-02,11.6,11.73,11.74,11.59,1492715.66
2025-09-03,11.73,11.51,11.76,11.5,1367232.49
2025-09-04,11.52,11.5,11.53,11.36,1295300.02
2025-09-05,11.49,11.48,11.5,11.39,819661.56
2025-09-08,11.47,11.46,11.54,11.43,924431.04
2025-09-09,11.47,11.51,11.54,11.44,860539.17
2025-09-10,11.5,11.53,11.55,11.47,792668.39
2025-09-11,11.53,11.6,11.6,11.47,963931.63
2025-09-12,11.58,11.48,11.63,11.46,940385.1
2025-09-15,11.46,11.41,11.48,11.39,840386.56
2025-09-16,11.42,11.4,11.47,11.37,708048.49
2025-09-17,11.4,11.4,11.43,11.34,771128.93
2025-09-18,11.41,11.17,11.42,11.14,1386160.4
2025-09-19,11.17,11.21,11.27,11.13,834651.23
2025-09-22,11.2,11.14,11.23,11.13,596402.32
2025-09-23,11.13,11.28,11.34,11.09,1341430.22
2025-09-24,11.27,11.22,11.38,11.19,1139583.47
2025-09-25,11.19,11.16,11.23,11.12,773275.94
2025-09-26,11.15,11.16,11.2,11.09,753238.75
2025-09-29,11.16,11.13,11.24,11.04,1176012.43
2025-09-30,11.13,11.1,11.13,11.06,832479.47
2025-10-09,11.09,11.16,11.17,11.04,1047469.06
2025-10-10,11.13,11.19,11.25,11.12,1087947.75
2025-10-13,11.09,11.16,11.22,11.05,1168801.73
2025-10-14,11.15,11.33,11.36,11.12,1843428.36
2025-10-15,11.34,11.4,11.42,11.26,1271061.03
2025-10-16,11.38,11.54,11.55,11.36,1261936.87
2025-10-17,11.5,11.4,11.58,11.38,1039666.32
2025-10-20,11.41,11.42,11.45,11.27,952641.1
2025-10-21,11.4,11.43,11.47,11.39,761164.62
2025-10-22,11.4,11.52,11.54,11.4,833703.19
2025-10-23,11.52,11.63,11.71,11.5,1373111.58
2025-10-24,11.6,11.56,11.68,11.55,980475.3
2025-10-27,11.54,11.52,11.61,11.44,1239485.26
2025-10-28,11.53,11.47,11.58,11.42,821568.18
2025-10-29,11.46,11.39,11.46,11.36,966213.64
2025-10-30,11.38,11.38,11.47,11.36,943770.15
2025-10-31,11.38,11.32,11.4,11.3,970192.93
2025-11-03,11.34,11.43,11.44,11.3,952326.43
2025-11-04,11.42,11.59,11.64,11.4,1503007.48
2025-11-05,11.59,11.52,11.6,11.5,794926.05
2025-11-06,11.5,11.51,11.58,11.47,766585.46
2025-11-07,11.52,11.55,11.58,11.5,734850.55
2025-11-10,11.52,11.63,11.64,11.45,827208.33
2025-11-11,11.62,11.67,11.69,11.57,886508.87
2025-11-12,11.7,11.68,11.79,11.65,1141325.38
2025-11-13,11.68,11.7,11.72,11.57,978991.03
2025-11-14,11.67,11.75,11.84,11.66,1316994.98
2025-11-17,11.75,11.67,11.75,11.62,995232.87
2025-11-18,11.65,11.59,11.69,11.57,670077.35
2025-11-19,11.58,11.8,11.83,11.57,1334996.19
2025-11-20,11.79,11.85,11.99,11.74,1637039.85
2025-11-21,11.8,11.69,11.88,11.66,1465358.88
2025-11-24,11.7,11.6,11.73,11.6,1117118.8
2025-11-25,11.61,11.8,11.8,11.58,1028080.52
2025-11-26,11.81,11.69,11.85,11.65,821301.09
2025-11-27,11.66,11.71,11.71,11.58,1011847.1
2025-11-28,11.67,11.61,11.68,11.58,884358.45
2025-12-01,11.6,11.69,11.7,11.53,1037322.71
2025-12-02,11.68,11.64,11.73,11.59,768059.93
2025-12-03,11.64,11.55,11.7,11.54,944601.09
2025-12-04,11.55,11.49,11.58,11.46,886089.88
2025-12-05,11.49,11.53,11.54,11.4,890766.09
2025-12-08,11.49,11.52,11.6,11.48,855898.93
2025-12-09,11.52,11.43,11.54,11.43,733957.45
2025-12-10,11.44,11.33,11.46,11.29,1044064.72
2025-12-11,11.35,11.37,11.39,11.3,925261.29
2025-12-12,11.37,11.35,11.43,11.3,1191894.72
2025-12-15,11.34,11.51,11.54,11.33,940832.53
2025-12-16,11.49,11.48,11.55,11.44,647351.36
2025-12-17,11.47,11.53,11.58,11.42,701495.33
2025-12-18,11.51,11.64,11.65,11.48,790466.54
2025-12-19,11.63,11.62,11.65,11.58,649886.19
2025-12-22,11.61,11.52,11.61,11.51,742369.16
2025-12-23,11.52,11.56,11.6,11.5,666265.74
2025-12-24,11.55,11.54,11.58,11.49,505243.56
2025-12-25,11.54,11.56,11.62,11.52,547455.23
2025-12-26,11.56,11.54,11.59,11.53,436339.84
2025-12-29,11.54,11.56,11.62,11.5,648295.42
2025-12-30,11.53,11.48,11.56,11.45,582584.33
2025-12-31,11.48,11.41,11.49,11.4,590620.37
2026-01-05,11.42,11.5,11.51,11.41,875491.18
2026-01-06,11.5,11.67,11.68,11.48,1304648.42
2026-01-07,11.66,11.64,11.82,11.62,966236.24
2026-01-08,11.64,11.51,11.65,11.49,1100085.11
2026-01-09,11.53,11.46,11.53,11.44,983390.04
2026-01-12,11.45,11.48,11.49,11.42,855212.98
2026-01-13,11.48,11.47,11.54,11.44,1061541.22
2026-01-14,11.47,11.36,11.47,11.35,1274757.14
2026-01-15,11.33,11.31,11.37,11.3,884959.77
2026-01-16,11.34,11.19,11.34,11.16,1119472.54
2026-01-19,11.15,11.12,11.21,11.11,804741.31
2026-01-20,11.12,11.16,11.2,11.11,772276.09
2026-01-21,11.15,11.07,11.18,11.06,900124.91
2026-01-22,11.07,11.07,11.15,11.05,788634.62
2026-01-23,11.07,10.99,11.09,10.98,1109994.29
2026-01-26,10.98,10.96,11.06,10.92,1106246.65
2026-01-27,10.96,10.94,11.03,10.93,894091.21
2026-01-28,10.94,10.84,10.99,10.82,1438766.03
2026-01-29,10.84,10.96,10.98,10.66,1852993.83
2026-01-30,10.94,10.83,11.03,10.83,1091754.97
2026-02-02,10.82,10.86,11.03,10.8,1223173.02
2026-02-03,10.89,10.84,10.9,10.77,806628.16
2026-02-04,10.85,10.97,10.98,10.84,695415.47
2026-02-05,10.98,11.09,11.11,10.96,1177591.09
2026-02-06,11.08,11.05,11.14,10.99,727709.59
2026-02-09,11.05,11.07,11.11,11.01,619716.7
2026-02-10,11.07,11.06,11.1,11.02,600429.99
2026-02-11,11.06,11.07,11.09,11.02,431040.98
2026-02-12,11.07,10.96,11.08,10.93,681340.24
2026-02-13,10.96,10.91,10.99,10.9,555047.36
2026-02-24,10.93,10.91,10.95,10.88,602512.4
2026-02-25,10.91,10.86,10.95,10.78,1063134.87
2026-02-26,10.86,10.87,10.91,10.8,712730.19
2026-02-27,10.86,10.9,10.92,10.84,612227.96
2026-03-02,10.85,10.85,10.89,10.77,838873.55
2026-03-03,10.85,10.88,10.95,10.8,1028694.83
2026-03-04,10.84,10.71,10.84,10.67,1089713.96
2026-03-05,10.72,10.81,10.84,10.7,712641.18
2026-03-06,10.78,10.82,10.84,10.77,476576.8
2026-03-09,10.79,10.76,10.82,10.74,835892.38
2026-03-10,10.77,10.81,10.81,10.73,790111.68
2026-03-11,10.79,10.89,10.9,10.77,720534.64
2026-03-12,10.87,10.94,10.96,10.85,754905.58
